00987 ian carson carson@gmail swe
10 Beatrice kun kun@gmail statistics
100 max steppersen max@gmail cs
10002 jake ryan ryan@gmail Cs
11 chisha zed dez@hmail cybersecurity
12 Rebbeca vax vax@gmail pr
13 laika edward edward@gmail pr
14 Njeri Muchina muchina@gmail pr
15 Mark letoo mark@gmail pr
16 David lebbert David@gmail communications
17 Joyce k joyce@gmail communications
18 Davis chirchir Davis@gmail swe
19 William Bill bill@gmail communications
20 Simion Vincent vincent@gmail communications4567 Andrew Max andrew@gmail pbs
6 paddy yoosin yoosin@gmail swe
7 glo kurui kurui@gmail pbs
8 mdtr jake jake@yahoo swe
9 Jane runo runo@gmail cs
9009 Mathew ron ron@gmail cs
